Direction,Model,Split,Seed,LGBM_OA,Scratch_OA,Scratch_AA,Scratch_F1,FT_OA,FT_AA,FT_F1,TransferGain,Scratch_TrainTime,Scratch_InfTime,FT_TrainTime,FT_InfTime,VRAM_MB,RAM_MB,Scratch_Class_0_AA,FT_Class_0_AA,Scratch_Class_1_AA,FT_Class_1_AA,Scratch_Class_2_AA,FT_Class_2_AA
Indian Pines -> Local,HybridSN,0.01,42,0.6875627888286117,0.4159132007233273,0.4829709243502347,0.3550906032430034,0.6286919831223629,0.6671343981688809,0.6243787882977165,0.21277878239903553,58.236088037490845,2.815725564956665,95.7069776058197,2.8279342651367188,544.40673828125,8659.0625,0.0,0.37142857142857144,0.8588744588744589,0.8779220779220779,0.5900383141762452,0.7520525451559934
Indian Pines -> Local,SpectralFormer-inspired,0.01,42,0.6875627888286117,0.5441028732167973,0.5651670101760846,0.5466978213155037,0.7195097448262006,0.7286822070851109,0.7215132040350051,0.17540687160940327,25.854154586791992,0.7437694072723389,25.594575881958008,0.7548995018005371,109.8671875,8666.671875,0.5203007518796993,0.693734335839599,0.70995670995671,0.7878787878787878,0.4652435686918446,0.7044334975369458
Indian Pines -> Local,ViT,0.01,42,0.6875627888286117,0.4072734579063693,0.4346776030986557,0.32873300978730646,0.7353827606992164,0.7442674956286571,0.7486547168802833,0.32810930279284706,47.26852607727051,2.1015899181365967,70.80160522460938,2.1168324947357178,636.51708984375,8667.12109375,0.6200501253132832,0.7213032581453634,0.683982683982684,0.8043290043290043,0.0,0.7071702244116037
Indian Pines -> Local,HybridSN,0.01,43,0.6779184247538678,0.5553546313039984,0.6074238190390641,0.5209070107031701,0.4798071127185051,0.5460331427663552,0.47734050630980107,-0.0755475185854933,96.33556413650513,2.7898647785186768,95.2869668006897,2.808774709701538,544.369140625,8689.0859375,0.1468671679197995,0.24411027568922306,0.8779220779220779,0.961038961038961,0.7974822112753147,0.4329501915708812
Indian Pines -> Local,SpectralFormer-inspired,0.01,43,0.6779184247538678,0.38979304802089615,0.4450296762456472,0.3904703234653675,0.6256781193490054,0.6647594255579737,0.6223756243970082,0.23588507132810926,25.544156551361084,0.7440032958984375,25.55982780456543,0.7765552997589111,109.8671875,8689.0859375,0.11077694235588972,0.4150375939849624,0.7705627705627706,0.8917748917748918,0.4537493158182813,0.6874657909140668
Indian Pines -> Local,ViT,0.01,43,0.6779184247538678,0.368696001607394,0.4543198819060888,0.3234424792257082,0.7500502310628893,0.7704669196502228,0.7560802978417641,0.38135422945549524,66.08446002006531,2.1058952808380127,63.44260787963867,2.1091344356536865,636.51708984375,8689.0859375,0.0,0.706265664160401,0.9748917748917749,0.9056277056277057,0.3880678708264915,0.6995073891625616
Indian Pines -> Local,HybridSN,0.01,44,0.6425557564798071,0.22423146473779385,0.29279258752942966,0.16692691313248778,0.6550130600763512,0.7019198990160879,0.6364629717002304,0.4307815953385573,45.101189374923706,2.7895429134368896,95.66707968711853,2.812020778656006,544.369140625,8689.18359375,0.12080200501253133,0.3037593984962406,0.7575757575757576,0.9497835497835497,0.0,0.8522167487684729
Indian Pines -> Local,SpectralFormer-inspired,0.01,44,0.6425557564798071,0.25557564798071125,0.31509075719602037,0.2038848322214163,0.5953385573638739,0.6299550687935443,0.5807849128340964,0.3397629093831626,8.536273717880249,0.7719347476959229,25.493982791900635,0.7532806396484375,109.8671875,8689.18359375,0.21453634085213033,0.27769423558897244,0.7307359307359307,0.7982683982683982,0.0,0.8139025725232621
Indian Pines -> Local,ViT,0.01,44,0.6425557564798071,0.351416515973478,0.389905624388383,0.29000236317798433,0.6931886678722122,0.7247505737523886,0.6867838303638713,0.3417721518987342,28.398730278015137,2.103471040725708,70.84866142272949,2.131955623626709,636.51708984375,8689.18359375,0.0,0.43358395989974935,0.5774891774891775,0.8857142857142857,0.5922276956759716,0.8549534756431308
Indian Pines -> Local,HybridSN,0.01,45,0.6023709061683745,0.45449065702230257,0.4699491675898209,0.43284476732735716,0.21920835844886477,0.2452342978658768,0.18031929245230427,-0.2352822985734378,80.85996341705322,2.8087944984436035,24.46052598953247,2.8188936710357666,544.369140625,8689.18359375,0.14085213032581453,0.28721804511278193,0.5021645021645021,0.4484848484848485,0.7668308702791461,0.0
Indian Pines -> Local,SpectralFormer-inspired,0.01,45,0.6023709061683745,0.31384368093228854,0.32855423127655436,0.3176390031917719,0.4472573839662447,0.42021493999715415,0.42057034334741633,0.13341370303395617,19.997647762298584,0.7396912574768066,6.7613701820373535,0.7625560760498047,109.8671875,8689.18359375,0.33784461152882206,0.6175438596491228,0.43982683982683984,0.26926406926406926,0.20799124247400108,0.3738368910782704
Indian Pines -> Local,ViT,0.01,45,0.6023709061683745,0.4008438818565401,0.3333333333333333,0.19076305220883535,0.5977496483825597,0.6219734288699806,0.579349249067225,0.19690576652601965,21.371821880340576,2.101978302001953,65.82228231430054,2.1128790378570557,636.51708984375,8689.18359375,1.0,0.26666666666666666,0.0,0.7125541125541126,0.0,0.8866995073891626
Indian Pines -> Local,HybridSN,0.01,46,0.6773156519991963,0.5850914205344585,0.648262243906527,0.5375455275664573,0.620253164556962,0.675985156202942,0.5795927000289801,0.035161744022503494,96.46382594108582,2.799703598022461,95.89352822303772,2.812699794769287,544.369140625,8689.18359375,0.1318295739348371,0.1824561403508772,0.987012987012987,0.9653679653679653,0.825944170771757,0.8801313628899836
Indian Pines -> Local,SpectralFormer-inspired,0.01,46,0.6773156519991963,0.30600763512155915,0.3821827295511506,0.24478464509441186,0.6622463331324091,0.687912745988971,0.6602141419891743,0.35623869801084995,25.574876070022583,0.7947204113006592,26.14432454109192,0.769587516784668,109.8671875,8689.18359375,0.23659147869674185,0.44862155388471175,0.90995670995671,0.8181818181818182,0.0,0.7969348659003831
Indian Pines -> Local,ViT,0.01,46,0.6773156519991963,0.2320675105485232,0.3333333333333333,0.12557077625570776,0.7502511553144464,0.7683824678380032,0.7577968212713037,0.5181836447659232,28.442017793655396,2.098538875579834,71.09510684013367,2.14939022064209,636.51708984375,8689.18359375,0.0,0.6105263157894737,1.0,0.8632034632034632,0.0,0.8314176245210728
Indian Pines -> Local,HybridSN,0.01,47,0.7339762909383163,0.3664858348402652,0.4386193627572938,0.33826345524711227,0.2499497689371107,0.2503751541864065,0.19175064669999595,-0.11653606590315449,41.93309020996094,2.8034706115722656,24.51071810722351,2.812375783920288,544.369140625,8689.18359375,0.0380952380952381,0.012030075187969926,0.8727272727272727,0.19393939393939394,0.4050355774493706,0.5451559934318555
Indian Pines -> Local,SpectralFormer-inspired,0.01,47,0.7339762909383163,0.5557564798071127,0.5902596966117838,0.555735665146147,0.6065903154510749,0.6406484689606287,0.598096057768791,0.050833835643962155,24.81510066986084,0.7743661403656006,25.99063491821289,0.7681393623352051,109.8671875,8689.18359375,0.562907268170426,0.3383458646616541,0.8389610389610389,0.8173160173160173,0.36891078270388616,0.7662835249042146
Indian Pines -> Local,ViT,0.01,47,0.7339762909383163,0.4008438818565401,0.3333333333333333,0.19076305220883535,0.6953988346393409,0.7186550493265557,0.6946244913082871,0.29455495278280086,23.683045148849487,2.103797435760498,70.5690929889679,2.1093358993530273,636.51708984375,8689.18359375,1.0,0.5974937343358396,0.0,0.8606060606060606,0.0,0.6978653530377669
Indian Pines -> Local,HybridSN,0.01,48,0.6377335744424352,0.6333132409081776,0.6743406757925814,0.6320642104152205,0.5465139642354833,0.6103003939664556,0.5143948896537169,-0.08679927667269438,96.34631586074829,2.7834038734436035,85.93297100067139,2.817490816116333,544.369140625,8716.58203125,0.39097744360902253,0.1443609022556391,0.9073593073593074,0.9662337662337662,0.7246852764094144,0.7203065134099617
Indian Pines -> Local,SpectralFormer-inspired,0.01,48,0.6377335744424352,0.3861764114928672,0.41334998939354656,0.39734822799008923,0.6126180429977899,0.6345332156584425,0.6138222129577828,0.2264416315049227,17.362754344940186,0.7514810562133789,25.953424215316772,0.7612192630767822,109.8671875,8716.58203125,0.20601503759398496,0.46015037593984964,0.5627705627705628,0.7532467532467533,0.47126436781609193,0.6902025177887247
Indian Pines -> Local,ViT,0.01,48,0.6377335744424352,0.3604581072935503,0.442487270073477,0.31650303129619356,0.7245328511151296,0.7252806345365329,0.7238961387662944,0.3640747438215792,54.56608819961548,2.107431411743164,64.35303378105164,2.1500823497772217,636.51708984375,8716.58203125,0.0,0.6972431077694236,0.9393939393939394,0.7238095238095238,0.3880678708264915,0.7547892720306514
Indian Pines -> Local,HybridSN,0.01,49,0.6148282097649186,0.38115330520393814,0.4623409795823589,0.3327395142909539,0.3654812135824794,0.42019206846793056,0.3042092556154255,-0.015672091621458717,48.575783252716064,2.7988016605377197,40.59782147407532,2.8046183586120605,544.369140625,8716.58203125,0.0,0.0,0.948051948051948,0.7203463203463204,0.4389709906951286,0.5402298850574713
Indian Pines -> Local,SpectralFormer-inspired,0.01,49,0.6148282097649186,0.2320675105485232,0.3333333333333333,0.12557077625570776,0.6849507735583685,0.7046562767070935,0.6841130586559276,0.4528832630098453,8.786510944366455,0.789118766784668,26.011152505874634,0.7893226146697998,109.8671875,8716.58203125,0.0,0.5022556390977444,1.0,0.8,0.0,0.8117131910235359
Indian Pines -> Local,ViT,0.01,49,0.6148282097649186,0.3578460920233072,0.4386293144913835,0.3143506108995529,0.7450271247739603,0.7639265352513992,0.7556946356090203,0.3871810327506531,40.42264175415039,2.1086223125457764,71.08890342712402,2.1137564182281494,636.51708984375,8716.58203125,0.0,0.649624060150376,0.9272727272727272,0.8753246753246753,0.3886152162014231,0.7668308702791461
Indian Pines -> Local,HybridSN,0.01,50,0.6224633313240908,0.6986136226642555,0.7370067453552028,0.6991808742431148,0.5432991762105687,0.5956919466901318,0.5074180962998193,-0.15531444645368686,97.64752197265625,2.8192484378814697,92.8181586265564,2.8360798358917236,544.369140625,8660.64453125,0.5719298245614035,0.13784461152882205,0.9800865800865801,0.8692640692640693,0.6590038314176245,0.7799671592775042
Indian Pines -> Local,SpectralFormer-inspired,0.01,50,0.6224633313240908,0.4046614426361262,0.4073559028186977,0.3220601659623193,0.665862969660438,0.6835874080883156,0.6590628366906807,0.2612015270243118,8.620818614959717,0.789508581161499,25.865455627441406,0.7519950866699219,109.8671875,8671.61328125,0.706766917293233,0.47869674185463656,0.5021645021645021,0.7636363636363637,0.013136288998357963,0.8084291187739464
Indian Pines -> Local,ViT,0.01,50,0.6224633313240908,0.4008438818565401,0.3333333333333333,0.19076305220883535,0.7850110508338356,0.7951398873358947,0.7907114119129703,0.3841671689772955,26.084718942642212,2.103734254837036,68.89621591567993,2.1403732299804688,636.51708984375,8671.61328125,1.0,0.7984962406015037,0.0,0.870995670995671,0.0,0.715927750410509
Indian Pines -> Local,HybridSN,0.01,51,0.6240707253365482,0.3504118947156922,0.413195999402896,0.29374190686654067,0.38396624472573837,0.4369815168363263,0.33180981745104837,0.0335543500100462,25.629462003707886,2.7968966960906982,40.55699944496155,2.798588514328003,544.369140625,8689.18359375,0.0,0.02756892230576441,0.7748917748917749,0.7272727272727273,0.46469622331691296,0.5561029009304871
Indian Pines -> Local,SpectralFormer-inspired,0.01,51,0.6240707253365482,0.3373518183644766,0.3812420287919381,0.30770425120455586,0.48282097649186256,0.506207175898646,0.46951628912249177,0.14546915812738598,8.546491384506226,0.7531158924102783,25.47762680053711,0.7521495819091797,109.8671875,8689.18359375,0.042606516290726815,0.23358395989974937,0.6216450216450217,0.6112554112554113,0.4794745484400657,0.6737821565407772
Indian Pines -> Local,ViT,0.01,51,0.6240707253365482,0.2320675105485232,0.3333333333333333,0.12557077625570776,0.7158931082981715,0.7398152294704019,0.7372129276550963,0.48382559774964834,47.484086751937866,2.116975784301758,70.97573685646057,2.114241361618042,636.51708984375,8689.18359375,0.0,0.5904761904761905,1.0,0.8796536796536797,0.0,0.7493158182813355
Indian Pines -> Local,HybridSN,0.05,42,0.8087201125175809,0.9491661643560377,0.9569301170027122,0.9554436655283801,0.8671890697207153,0.883926989190147,0.8767876262041021,-0.08197709463532243,141.45255398750305,2.8121073246002197,139.6311047077179,2.8446295261383057,544.369140625,8834.1171875,0.8957393483709273,0.7553884711779448,0.9991341991341991,0.9757575757575757,0.9759168035030104,0.9206349206349206
Indian Pines -> Local,SpectralFormer-inspired,0.05,42,0.8087201125175809,0.7805907172995781,0.7959084405545385,0.7877914353038801,0.8257986738999398,0.8379761664698143,0.8337843426726063,0.0452079566003617,32.53783464431763,0.7626802921295166,29.008013010025024,0.7524232864379883,109.8671875,8834.1171875,0.7082706766917293,0.7443609022556391,0.8874458874458875,0.9047619047619048,0.7920087575259989,0.8648056923918993
Indian Pines -> Local,ViT,0.05,42,0.8087201125175809,0.36970062286517985,0.45831052727604454,0.3231562729362313,0.7970665059272655,0.8170330039658533,0.8082284041365714,0.4273658830620856,77.70768713951111,2.1140098571777344,84.99415564537048,2.1268506050109863,636.51708984375,8834.1171875,0.0,0.6526315789473685,1.0,0.9238095238095239,0.3749315818281336,0.8746579091406678
Indian Pines -> Local,HybridSN,0.05,43,0.8219811131203536,0.7522603978300181,0.7872708591401877,0.7436705877316753,0.8862768736186458,0.9027345444768313,0.899122141793797,0.13401647578862774,145.97653341293335,2.8350954055786133,140.12850832939148,2.8143110275268555,544.369140625,8837.38671875,0.44862155388471175,0.7834586466165413,0.9619047619047619,0.9948051948051948,0.9512862616310892,0.9299397920087575
Indian Pines -> Local,SpectralFormer-inspired,0.05,43,0.8219811131203536,0.711472774763914,0.7381464807962086,0.7110892694743214,0.8223829616234679,0.8354164757068568,0.8294978571023898,0.1109101868595539,30.106104373931885,0.7488131523132324,32.61920714378357,0.7682178020477295,109.8671875,8837.38671875,0.5278195488721804,0.7543859649122807,0.8831168831168831,0.9116883116883117,0.8035030103995622,0.8401751505199782
Indian Pines -> Local,ViT,0.05,43,0.8219811131203536,0.3707052441229656,0.45922276956759717,0.3242493491884732,0.8400642957604983,0.8503741066354497,0.8504050760544869,0.4693590516375327,57.36431956291199,2.1102564334869385,74.99915409088135,2.1239547729492188,636.51708984375,8837.38671875,0.0,0.8456140350877193,1.0,0.9255411255411256,0.37766830870279144,0.7799671592775042
Indian Pines -> Local,HybridSN,0.05,44,0.8300180831826401,0.7259393208760297,0.7641648530940727,0.7115248485517078,0.8420735382760699,0.8657301561112813,0.8604209289549553,0.11613421740004015,144.49802088737488,2.780334234237671,139.53141236305237,2.807337999343872,544.369140625,8837.38671875,0.3949874686716792,0.681203007518797,0.9549783549783549,0.9948051948051948,0.9425287356321839,0.9211822660098522
Indian Pines -> Local,SpectralFormer-inspired,0.05,44,0.8300180831826401,0.7466345187864175,0.7714856629557175,0.7527502826373892,0.7930480208961221,0.8121144030399928,0.8049211188572881,0.04641350210970463,30.906554222106934,0.7769327163696289,32.27985644340515,0.7383360862731934,109.8671875,8837.38671875,0.5268170426065163,0.6802005012531328,0.8943722943722944,0.9203463203463204,0.8932676518883416,0.8357963875205254
Indian Pines -> Local,ViT,0.05,44,0.8300180831826401,0.37050431987140847,0.45861571378812754,0.3242264752093487,0.8440827807916416,0.8564519972868431,0.850121160093081,0.4735784609202331,43.575331926345825,2.1038150787353516,77.36833953857422,2.111520767211914,636.51708984375,8837.38671875,0.0,0.7629072681704261,0.9965367965367965,0.9246753246753247,0.3793103448275862,0.8817733990147784
Indian Pines -> Local,HybridSN,0.05,45,0.8089210367691381,0.796664657424151,0.8284272157230416,0.81568211376048,0.8179626280892104,0.8441980953777687,0.8334868831132544,0.02129797066505934,125.637948513031,2.7904860973358154,139.16739797592163,2.8146307468414307,544.369140625,8837.38671875,0.5598997493734336,0.6486215538847118,0.9965367965367965,0.9896103896103896,0.9288451012588944,0.8943623426382047
Indian Pines -> Local,SpectralFormer-inspired,0.05,45,0.8089210367691381,0.69901547116737,0.7280065367179706,0.6917886721727613,0.8183644765923247,0.8345791333087159,0.8290987197930108,0.11934900542495475,34.94211554527283,0.7380132675170898,34.08659744262695,0.7371120452880859,109.8671875,8837.38671875,0.44110275689223055,0.7007518796992481,0.870995670995671,0.9212121212121213,0.8719211822660099,0.8817733990147784
Indian Pines -> Local,ViT,0.05,45,0.8089210367691381,0.7619047619047619,0.7910113144232925,0.7775599707783503,0.8324291742013261,0.8422650146788078,0.8447763647560834,0.07052441229656425,101.37267732620239,2.11396861076355,91.79572892189026,2.13254451751709,636.51708984375,8837.38671875,0.5949874686716792,0.7523809523809524,0.9575757575757575,0.8926406926406927,0.8204707170224411,0.8817733990147784
Indian Pines -> Local,HybridSN,0.05,46,0.8042997789833233,0.8593530239099859,0.8776718878352273,0.8768144015907211,0.8617641149286719,0.8762060148630022,0.8772442426946979,0.0024110910186859735,145.47745418548584,2.787153482437134,114.94357705116272,2.8216209411621094,544.369140625,8837.38671875,0.7654135338345864,0.8050125313283208,0.9852813852813853,0.9653679653679653,0.8823207443897099,0.8582375478927203
Indian Pines -> Local,SpectralFormer-inspired,0.05,46,0.8042997789833233,0.7211171388386578,0.7429596282590838,0.725888246830546,0.7765722322684347,0.7977989208479227,0.7854892093088783,0.05545509342977695,29.610127687454224,0.7534012794494629,26.1496160030365,0.7500605583190918,109.8671875,8837.38671875,0.6080200501253132,0.6591478696741855,0.870995670995671,0.9203463203463204,0.7498631636562672,0.8139025725232621
Indian Pines -> Local,ViT,0.05,46,0.8042997789833233,0.36347197106690776,0.4478777927053789,0.3185946729800178,0.8133413703033956,0.8272160722251467,0.8273351914463833,0.44986939923648783,60.609596490859985,2.1086249351501465,70.86917161941528,2.116410493850708,636.51708984375,8837.38671875,0.0,0.7298245614035088,0.961038961038961,0.9056277056277057,0.3825944170771757,0.8461959496442255
Indian Pines -> Local,HybridSN,0.05,47,0.8253968253968254,0.9226441631504922,0.9339643081929833,0.9315761217349484,0.9144062688366486,0.9260495369388292,0.9246149639576654,-0.008237894313843697,144.97084498405457,2.785426616668701,139.24811100959778,2.8018860816955566,544.369140625,8837.38671875,0.8315789473684211,0.856140350877193,0.9922077922077922,0.9948051948051948,0.9781061850027367,0.9272030651340997
Indian Pines -> Local,SpectralFormer-inspired,0.05,47,0.8253968253968254,0.8065099457504521,0.8266430618517733,0.8163946179172076,0.8231866586296966,0.838100301258196,0.8315141984662843,0.01667671287924455,35.418429136276245,0.7306113243103027,34.42894124984741,0.7337601184844971,109.8671875,8837.38671875,0.7192982456140351,0.7598997493734336,0.9489177489177489,0.929004329004329,0.8117131910235359,0.8253968253968254
Indian Pines -> Local,ViT,0.05,47,0.8253968253968254,0.3510146674703637,0.35285269949516773,0.365556537786208,0.836045810729355,0.8511653567914911,0.8477912226447494,0.4850311432589913,50.3088641166687,2.1050925254821777,94.76841950416565,2.1224782466888428,636.51708984375,8837.38671875,0.35538847117794486,0.7388471177944862,0.3670995670995671,0.935064935064935,0.33607006020799124,0.879584017515052
Indian Pines -> Local,HybridSN,0.05,48,0.8257986738999398,0.8595539481615431,0.8712310207773003,0.8720855604904943,0.8444846292947559,0.8639234798944418,0.8615033303748848,-0.015069318866787196,101.61125349998474,2.79298996925354,138.99365878105164,2.7944767475128174,544.369140625,8837.38671875,0.9849624060150376,0.7388471177944862,0.9861471861471861,0.9766233766233766,0.6425834701696771,0.8762999452654625
Indian Pines -> Local,SpectralFormer-inspired,0.05,48,0.8257986738999398,0.8139441430580671,0.829878073798219,0.8265796477262762,0.8434800080369701,0.855915825788784,0.8521867873436081,0.029535864978903037,35.19548153877258,0.7558882236480713,34.01895761489868,0.7410271167755127,109.8671875,8837.38671875,0.7889724310776942,0.7729323308270677,0.9376623376623376,0.9272727272727272,0.7629994526546251,0.8675424192665572
Indian Pines -> Local,ViT,0.05,48,0.8257986738999398,0.5483222824994977,0.48517898717535735,0.4619140797609365,0.794052642153908,0.8146915529855638,0.8079088916659315,0.24573035965441037,57.00916862487793,2.1083908081054688,97.98738074302673,2.1174638271331787,636.51708984375,8837.38671875,0.9518796992481203,0.6120300751879699,0.1341991341991342,0.9168831168831169,0.3694581280788177,0.9151614668856048
Indian Pines -> Local,HybridSN,0.05,49,0.8264014466546112,0.7727546714888487,0.8060146884103326,0.7715078948055565,0.8613622664255576,0.8776792206919248,0.8751452125798284,0.08860759493670889,145.33733201026917,2.7920711040496826,139.34732294082642,2.809269905090332,544.369140625,8837.38671875,0.49273182957393485,0.7588972431077694,0.974025974025974,0.9688311688311688,0.9512862616310892,0.9053092501368364
Indian Pines -> Local,SpectralFormer-inspired,0.05,49,0.8264014466546112,0.8153506128189673,0.8146011144196262,0.8221801481878329,0.8304199316857545,0.8432619340060357,0.8395898010562931,0.015069318866787196,31.569126844406128,0.7243359088897705,34.28948402404785,0.7353208065032959,109.8671875,8837.38671875,0.8130325814536341,0.750375939849624,0.8086580086580086,0.9151515151515152,0.8221127531472359,0.8642583470169677
Indian Pines -> Local,ViT,0.05,49,0.8264014466546112,0.37211171388386577,0.46049990877577085,0.3257736462860556,0.8175607795860961,0.8200942970452952,0.8268959807162727,0.4454490657022303,40.26046347618103,2.101548194885254,56.93638873100281,2.1154019832611084,636.51708984375,8837.38671875,0.0,0.8551378446115289,1.0,0.8476190476190476,0.38149972632731255,0.7575259989053093
Indian Pines -> Local,HybridSN,0.05,50,0.8209764918625678,0.8523206751054853,0.8709453885497442,0.870660423432386,0.8450874020494273,0.8656217345872518,0.8641216762902252,-0.007233273056057921,144.48485732078552,2.801344394683838,139.2592737674713,2.8145534992218018,544.369140625,8837.38671875,0.7834586466165413,0.7428571428571429,0.987012987012987,0.987012987012987,0.8423645320197044,0.8669950738916257
Indian Pines -> Local,SpectralFormer-inspired,0.05,50,0.8209764918625678,0.74221418525216,0.7577086219554459,0.7438411285668275,0.7968655816757083,0.8115890562351543,0.8044336933421534,0.054651396423548326,29.44597864151001,0.7440536022186279,27.437800645828247,0.7405200004577637,109.8671875,8837.38671875,0.5578947368421052,0.7273182957393484,0.8225108225108225,0.8995670995670996,0.89272030651341,0.8078817733990148
Indian Pines -> Local,ViT,0.05,50,0.8209764918625678,0.35603777375929274,0.43571345640311154,0.3129556972628398,0.8193690978501105,0.8296949269726038,0.8305877835341274,0.46333132409081773,43.67610263824463,2.102848529815674,84.21817445755005,2.108858108520508,636.51708984375,8837.38671875,0.0,0.7478696741854637,0.9168831168831169,0.8857142857142857,0.39025725232621783,0.8555008210180624
Indian Pines -> Local,HybridSN,0.05,51,0.8181635523407675,0.7703435804701627,0.8068352699931647,0.7672611806293329,0.8689973879847298,0.8861179420163086,0.8840367355518701,0.0986538075145671,144.7765293121338,2.783369541168213,139.25559902191162,2.8027658462524414,544.369140625,8837.38671875,0.4741854636591479,0.7478696741854637,0.9939393939393939,0.9783549783549783,0.9523809523809523,0.9321291735084839
Indian Pines -> Local,SpectralFormer-inspired,0.05,51,0.8181635523407675,0.7504520795660036,0.7737062963923217,0.7581620225719691,0.753465943339361,0.7736802822102278,0.7630244909000218,0.003013863773357439,34.19296860694885,0.7854335308074951,22.397468090057373,0.733346700668335,109.8671875,8837.38671875,0.5328320802005012,0.6160401002506266,0.8857142857142857,0.883982683982684,0.9025725232621784,0.8210180623973727
Indian Pines -> Local,ViT,0.05,51,0.8181635523407675,0.3498091219610207,0.4258114809838948,0.3073641756710273,0.8225838858750251,0.8401550724599726,0.8348438373313996,0.47277476391400436,33.47208523750305,2.1011621952056885,97.70862698554993,2.1256203651428223,636.51708984375,8837.38671875,0.0,0.6992481203007519,0.8822510822510823,0.935064935064935,0.39518336070060206,0.886152162014231
Indian Pines -> Local,HybridSN,0.1,42,0.8444846292947559,0.9441430580671087,0.9531077781531502,0.9513816350024081,0.9236487844082781,0.9340007978846453,0.9315502941167063,-0.02049427365883061,204.91238641738892,2.783238172531128,193.21013951301575,2.790740728378296,544.369140625,8974.62890625,0.8681704260651629,0.8601503759398497,0.9982683982683983,0.9922077922077922,0.9928845101258894,0.9496442255062945
Indian Pines -> Local,SpectralFormer-inspired,0.1,42,0.8444846292947559,0.8145469158127386,0.8403575989782887,0.8252885343244518,0.8637733574442436,0.8684447098240202,0.8711650338637237,0.049226441631504914,48.14045691490173,0.741870641708374,40.79010725021362,0.7262814044952393,109.8671875,8974.62890625,0.638095238095238,0.8857142857142857,0.9809523809523809,0.9073593073593074,0.9020251778872469,0.8122605363984674
Indian Pines -> Local,ViT,0.1,42,0.8444846292947559,0.3735181836447659,0.46177704798394453,0.3272909899074129,0.8527225236085996,0.8662652800583835,0.8645271610477766,0.47920433996383366,77.91089081764221,2.100848913192749,132.01912665367126,2.1117639541625977,636.51708984375,8974.62890625,0.0,0.7714285714285715,1.0,0.9428571428571428,0.3853311439518336,0.8845101258894362
Indian Pines -> Local,HybridSN,0.1,43,0.8448864777978702,0.8693992364878441,0.8865415017865109,0.8822419223295435,0.8947156921840466,0.9072980256283341,0.9078681332371481,0.025316455696202445,204.942941904068,2.7749557495117188,172.2216477394104,2.801170587539673,544.369140625,8974.62890625,0.7528822055137845,0.8741854636591478,0.9800865800865801,0.9922077922077922,0.926655719759168,0.8555008210180624
Indian Pines -> Local,SpectralFormer-inspired,0.1,43,0.8448864777978702,0.812537673297167,0.8193573449471816,0.8251777341630963,0.8442837050431987,0.8508128558945257,0.8501861517844215,0.031746031746031744,46.98021912574768,0.7675418853759766,43.31341099739075,0.7645301818847656,109.8671875,8974.62890625,0.7338345864661654,0.8350877192982457,0.8484848484848485,0.8952380952380953,0.8757525998905309,0.8221127531472359
Indian Pines -> Local,ViT,0.1,43,0.8448864777978702,0.2320675105485232,0.3333333333333333,0.12557077625570776,0.8710066305003014,0.8797352140364844,0.8791968339515149,0.6389391199517782,36.491127729415894,2.085576057434082,117.38132762908936,2.1088080406188965,636.51708984375,8974.62890625,0.0,0.8320802005012531,1.0,0.9324675324675324,0.0,0.8746579091406678
Indian Pines -> Local,HybridSN,0.1,44,0.860558569419329,0.9415310427968656,0.9508267359447032,0.9490497784546793,0.8201727948563392,0.8471673785648378,0.839150223894643,-0.12135824794052641,204.68193173408508,2.79542875289917,192.58096385002136,2.7979981899261475,544.369140625,8974.62890625,0.868671679197995,0.631077694235589,0.9991341991341991,0.9930735930735931,0.9846743295019157,0.9173508483853311
Indian Pines -> Local,SpectralFormer-inspired,0.1,44,0.860558569419329,0.7876230661040787,0.8048068621571343,0.792628954920653,0.8553345388788427,0.8642332057940044,0.8609055248276617,0.06771147277476397,43.46030330657959,0.7580361366271973,36.64617919921875,0.7619485855102539,109.8671875,8974.62890625,0.643609022556391,0.8631578947368421,0.8917748917748918,0.9298701298701298,0.8790366721401204,0.7996715927750411
Indian Pines -> Local,ViT,0.1,44,0.860558569419329,0.36688768334337957,0.45267784578129405,0.32151210261962504,0.8637733574442436,0.8772720725533792,0.8723625226172654,0.496885674100864,45.94495868682861,2.103940963745117,132.46178030967712,2.135735273361206,636.51708984375,8974.62890625,0.0,0.7674185463659148,0.9748917748917749,0.9497835497835497,0.3831417624521073,0.9146141215106732
Indian Pines -> Local,HybridSN,0.1,45,0.8284106891701828,0.3889893510146675,0.4758255792738551,0.34170254253069987,0.9316857544705646,0.9401673811837151,0.9390457947382823,0.5426964034558971,54.00624132156372,2.773590326309204,192.11868834495544,2.785727024078369,544.369140625,8974.62890625,0.0,0.9213032581453634,1.0,0.9982683982683983,0.4274767378215654,0.9009304871373837
Indian Pines -> Local,SpectralFormer-inspired,0.1,45,0.8284106891701828,0.6365280289330922,0.6773660029558397,0.6210947025741628,0.8615631906771147,0.8712537177146977,0.8693965288770586,0.2250351617440225,22.12365412712097,0.7895441055297852,45.32305288314819,0.753950834274292,109.8671875,8974.62890625,0.3147869674185464,0.787468671679198,0.8891774891774892,0.922077922077922,0.8281335522714833,0.9042145593869731
Indian Pines -> Local,ViT,0.1,45,0.8284106891701828,0.3747237291541089,0.4626594350732282,0.32867586567375146,0.8677918424753868,0.8796444262868945,0.8763290853506112,0.49306811332127787,59.70562934875488,2.095864772796631,122.40487837791443,2.108952760696411,636.51708984375,8974.62890625,0.0,0.812531328320802,0.9982683982683983,0.9506493506493506,0.38970990695128627,0.8757525998905309
Indian Pines -> Local,HybridSN,0.1,46,0.8440827807916416,0.8663853727144867,0.8850660262638484,0.8822467700331674,0.934699618243922,0.9443944238862568,0.9420085511271589,0.06831424552943532,204.4829294681549,2.7626662254333496,178.66113567352295,2.7866971492767334,544.369140625,8974.62890625,0.7463659147869675,0.8726817042606516,0.9887445887445887,0.9982683982683983,0.9200875752599891,0.9622331691297209
Indian Pines -> Local,SpectralFormer-inspired,0.1,46,0.8440827807916416,0.8229857343781395,0.8408733432326899,0.838589192596992,0.8370504319871408,0.8520636317369531,0.8444472453280688,0.014064697609001309,39.22305083274841,0.7475783824920654,45.23447918891907,0.7395234107971191,109.8671875,8974.62890625,0.6877192982456141,0.7358395989974937,0.935064935064935,0.9341991341991343,0.8998357963875205,0.886152162014231
Indian Pines -> Local,ViT,0.1,46,0.8440827807916416,0.36427566807313644,0.44871373836891076,0.3194058651385004,0.8493068113321278,0.8638592301024243,0.8592065090533434,0.4850311432589914,54.800461530685425,2.0938174724578857,127.11586499214172,2.1197128295898438,636.51708984375,8974.62890625,0.0,0.7764411027568923,0.9619047619047619,0.9497835497835497,0.3842364532019704,0.8653530377668309
Indian Pines -> Local,HybridSN,0.1,47,0.8710066305003014,0.9712678320273257,0.9755077348543774,0.9746883527841655,0.9158127385975487,0.9272400786012401,0.9256244448551133,-0.05545509342977695,205.20075225830078,2.7720272541046143,192.83889150619507,2.8035600185394287,544.369140625,8974.62890625,0.9478696741854636,0.8451127819548873,1.0,0.9913419913419913,0.9786535303776683,0.9452654625068418
Indian Pines -> Local,SpectralFormer-inspired,0.1,47,0.8710066305003014,0.8352421137231264,0.8491393932410266,0.8454717359524363,0.8278079164155113,0.8374513434404541,0.8369354958905016,-0.007434197307615076,38.535383462905884,0.7603151798248291,34.98456621170044,0.7661943435668945,109.8671875,8974.62890625,0.7949874686716792,0.7794486215538847,0.9385281385281385,0.8943722943722944,0.8139025725232621,0.8385331143951834
Indian Pines -> Local,ViT,0.1,47,0.8710066305003014,0.7283504118947157,0.7492093172673934,0.7239606879564778,0.8635724331926864,0.8720949011330137,0.8738976723800898,0.13522202129797067,139.09832191467285,2.1166598796844482,133.31080985069275,2.146455764770508,636.51708984375,8974.62890625,0.912781954887218,0.8576441102756892,0.9445887445887445,0.9316017316017317,0.39025725232621783,0.8270388615216201
Indian Pines -> Local,HybridSN,0.1,48,0.8716094032549728,0.8595539481615431,0.8779618848584366,0.874856149436899,0.9212376933895922,0.9330279722294241,0.9305780785258002,0.06168374522804909,203.09386253356934,2.745152711868286,192.56480145454407,2.8116977214813232,544.369140625,8974.62890625,0.7619047619047619,0.8516290726817043,0.9852813852813853,1.0,0.8866995073891626,0.9474548440065681
Indian Pines -> Local,SpectralFormer-inspired,0.1,48,0.8716094032549728,0.8320273256982118,0.8476406970054882,0.846709820913015,0.858147478400643,0.8690781289692362,0.866012227170693,0.026120152702431176,48.39763379096985,0.7557690143585205,46.152911901474,0.7560219764709473,109.8671875,8974.62890625,0.8075187969924812,0.7849624060150376,0.9532467532467532,0.929004329004329,0.7821565407772304,0.8932676518883416
Indian Pines -> Local,ViT,0.1,48,0.8716094032549728,0.3648784408278079,0.4539317642765919,0.31785892211941635,0.8483021900743419,0.8638422946952892,0.85725656002651,0.48342374924653403,36.33549451828003,2.082052707672119,131.22071290016174,2.109313488006592,636.51708984375,8974.62890625,0.0,0.7368421052631579,1.0,0.9471861471861471,0.36179529282977557,0.9074986316365626
Indian Pines -> Local,HybridSN,0.1,49,0.849507735583685,0.969258589511754,0.9735184355874011,0.9726133578152297,0.9142053445850914,0.926388070489704,0.9236373224336566,-0.05505324492666264,205.3395757675171,2.7847626209259033,192.44541263580322,2.809340238571167,544.369140625,8974.62890625,0.9428571428571428,0.8426065162907268,0.9974025974025974,0.9956709956709957,0.9802955665024631,0.9408866995073891
Indian Pines -> Local,SpectralFormer-inspired,0.1,49,0.849507735583685,0.7647177014265621,0.781772962535213,0.7679099709433999,0.8382559774964838,0.8484792615464123,0.8463076924967798,0.0735382760699217,32.423670053482056,0.7582824230194092,33.578548431396484,0.7578394412994385,109.8671875,8974.62890625,0.6576441102756893,0.7949874686716792,0.8770562770562771,0.9108225108225109,0.8106185002736727,0.8396278051450465
Indian Pines -> Local,ViT,0.1,49,0.849507735583685,0.37773759292746634,0.4656084656084656,0.33180192903699474,0.8591520996584288,0.8690671296841895,0.8697821212235137,0.4814145067309624,82.86406111717224,2.1094446182250977,132.1983253955841,2.123431921005249,636.51708984375,8974.62890625,0.0,0.7804511278195488,1.0,0.9203463203463204,0.3968253968253968,0.9064039408866995
Indian Pines -> Local,HybridSN,0.1,50,0.8555354631303999,0.9391199517781796,0.9484725397611061,0.9469220034452398,0.9083785412899337,0.9202506440255985,0.9199436092437735,-0.030741410488245968,205.27949118614197,2.7782249450683594,193.07353401184082,2.8079683780670166,544.369140625,8974.62890625,0.8636591478696742,0.8736842105263158,0.9965367965367965,0.9965367965367965,0.9852216748768473,0.8905309250136836
Indian Pines -> Local,SpectralFormer-inspired,0.1,50,0.8555354631303999,0.8155515370705244,0.8301294860278526,0.8270791733009132,0.8456901748040988,0.8568570503234749,0.8541339400715003,0.03013863773357439,48.774523973464966,0.7696499824523926,46.87966966629028,0.7977986335754395,109.8671875,8974.62890625,0.8526315789473684,0.7834586466165413,0.9437229437229437,0.9212121212121213,0.6940339354132458,0.8659003831417624
Indian Pines -> Local,ViT,0.1,50,0.8555354631303999,0.3309222423146474,0.4230979748221128,0.2779650986760618,0.8671890697207153,0.8786207944102681,0.8750215141833978,0.5362668274060679,40.89552021026611,2.091916799545288,131.39225101470947,2.11732816696167,636.51708984375,8974.62890625,0.0,0.8280701754385965,1.0,0.9506493506493506,0.26929392446633826,0.8571428571428571
Indian Pines -> Local,HybridSN,0.1,51,0.8501105083383564,0.9650391802290537,0.9697037787781889,0.969421560763231,0.8290134619248544,0.8547495523902057,0.8479950342448755,-0.1360257183041993,205.00508308410645,2.7811243534088135,191.5476839542389,2.789400339126587,544.369140625,8974.62890625,0.9388471177944863,0.6456140350877193,0.9965367965367965,0.9930735930735931,0.9737274220032841,0.9255610290093049
Indian Pines -> Local,SpectralFormer-inspired,0.1,51,0.8501105083383564,0.7470363672895318,0.7816053543821239,0.7492137472668906,0.8253968253968254,0.8394256278103828,0.8366176193738344,0.07836045810729353,47.302334785461426,0.7410337924957275,45.57508826255798,0.7553386688232422,109.8671875,8974.62890625,0.4406015037593985,0.7197994987468672,0.9523809523809523,0.9134199134199135,0.9518336070060208,0.8850574712643678
Indian Pines -> Local,ViT,0.1,51,0.8501105083383564,0.36467751657625075,0.4537493158182813,0.31763635818537095,0.8553345388788427,0.8677376129281754,0.8649321736412103,0.49065702230259195,54.818398237228394,2.1034324169158936,122.34089541435242,2.1210484504699707,636.51708984375,8974.62890625,0.0,0.7834586466165413,1.0,0.9385281385281385,0.361247947454844,0.8812260536398467
Indian Pines -> Local,HybridSN,0.2,42,0.8806509945750453,0.5887080570624874,0.6277613224981646,0.6180993962376391,0.965441028732168,0.9704625548545693,0.9696230989457625,0.37673297166968056,117.37692523002625,2.7712666988372803,299.71788239479065,2.7980806827545166,544.91162109375,9248.953125,0.3017543859649123,0.9398496240601504,0.8354978354978355,1.0,0.746031746031746,0.9715380405035577
Indian Pines -> Local,SpectralFormer-inspired,0.2,42,0.8806509945750453,0.8398633715089411,0.8593039547667497,0.8514256745233539,0.8744223427767731,0.881519717091405,0.8808163932958077,0.03455897126783203,48.51687026023865,0.7476439476013184,68.97110056877136,0.7665224075317383,109.8671875,9248.953125,0.7353383458646616,0.8265664160401003,0.9722943722943723,0.9203463203463204,0.8702791461412152,0.8976464148877942
Indian Pines -> Local,ViT,0.2,42,0.8806509945750453,0.2320675105485232,0.3333333333333333,0.12557077625570776,0.8941129194293751,0.9032560502614949,0.9020515405152917,0.6620454088808518,70.29600095748901,2.096858501434326,199.8805685043335,2.115016460418701,636.51708984375,9248.953125,0.0,0.8531328320802005,1.0,0.9584415584415584,0.0,0.8981937602627258
Indian Pines -> Local,HybridSN,0.2,43,0.8790436005625879,0.9280691179425357,0.9385342492420533,0.9364573142616996,0.9656419529837251,0.969780424589862,0.9693622816167977,0.03757283504118947,323.2895977497101,2.766413688659668,299.1752450466156,2.790414333343506,544.91162109375,9248.953125,0.8501253132832081,0.9403508771929825,0.9939393939393939,0.9930735930735931,0.9715380405035577,0.9759168035030104
Indian Pines -> Local,SpectralFormer-inspired,0.2,43,0.8790436005625879,0.8549326903757284,0.8691074603960266,0.8698405759556916,0.861965039180229,0.8687427380712318,0.8701299860660261,0.007032348804500654,48.20596957206726,0.7698550224304199,68.12384557723999,0.774714469909668,109.8671875,9248.953125,0.8446115288220551,0.8120300751879699,0.9679653679653679,0.9047619047619048,0.7947454844006568,0.8894362342638205
Indian Pines -> Local,ViT,0.2,43,0.8790436005625879,0.2320675105485232,0.3333333333333333,0.12557077625570776,0.8716094032549728,0.8776203832465176,0.8810706493847563,0.6395418927064496,127.72212648391724,2.114107370376587,135.85807418823242,2.1221439838409424,636.51708984375,9248.953125,0.0,0.8531328320802005,1.0,0.9160173160173161,0.0,0.8637110016420362
Indian Pines -> Local,HybridSN,0.2,44,0.8830620855937311,0.9632308619650392,0.9687489360810595,0.967960494395535,0.9734779987944545,0.9768735667102274,0.9767371711506572,0.01024713682941536,322.84499168395996,2.7651379108428955,298.29992628097534,2.7844791412353516,544.91162109375,9248.953125,0.9268170426065163,0.9583959899749374,0.9991341991341991,0.9974025974025974,0.9802955665024631,0.9748221127531472
Indian Pines -> Local,SpectralFormer-inspired,0.2,44,0.8830620855937311,0.7701426562186056,0.7962052466589672,0.7842885117494435,0.864376130198915,0.8755846425537896,0.8717174189050775,0.09423347398030946,36.27396845817566,0.7508072853088379,68.90006113052368,0.7647812366485596,109.8671875,9248.953125,0.5483709273182957,0.7814536340852131,0.9272727272727272,0.935064935064935,0.9129720853858785,0.9102353585112206
Indian Pines -> Local,ViT,0.2,44,0.8830620855937311,0.2875226039783002,0.38368910782703886,0.21898312714856996,0.8860759493670886,0.8949021805646126,0.8949620359652802,0.5985533453887883,56.178351640701294,2.1006696224212646,200.1568615436554,2.1138908863067627,636.51708984375,9248.953125,0.0,0.8390977443609022,1.0,0.9463203463203463,0.1510673234811166,0.8992884510125889
Indian Pines -> Local,HybridSN,0.2,45,0.8677918424753868,0.9172192083584488,0.9293706226555591,0.9275293685352302,0.9668474984930681,0.9716028140710536,0.9710910775614653,0.049628290134619224,323.37903118133545,2.7790298461914062,299.2952425479889,2.808961868286133,544.91162109375,9248.953125,0.8345864661654135,0.9408521303258145,0.9956709956709957,0.9991341991341991,0.9578544061302682,0.9748221127531472
Indian Pines -> Local,SpectralFormer-inspired,0.2,45,0.8677918424753868,0.8756278882861162,0.8904347249174837,0.8863353445902565,0.8571428571428571,0.8695542408791047,0.8641624636959514,-0.018485031143259056,73.06842136383057,0.7587521076202393,69.32785964012146,0.7488980293273926,109.8671875,9248.953125,0.8,0.7639097744360902,0.9774891774891775,0.935064935064935,0.8938149972632731,0.909688013136289
Indian Pines -> Local,ViT,0.2,45,0.8677918424753868,0.37532650190878036,0.4634190841087393,0.32923174462944854,0.8852722523608599,0.8949671287239346,0.8928144792157714,0.5099457504520796,91.85118556022644,2.1000704765319824,200.31914114952087,2.1059799194335938,636.51708984375,9248.953125,0.0,0.8235588972431078,1.0,0.9489177489177489,0.39025725232621783,0.9124247400109469
Indian Pines -> Local,HybridSN,0.2,46,0.8774362065501305,0.9449467550733374,0.953425535276715,0.9516647021727792,0.9690576652601969,0.9733038622330819,0.9728970746495759,0.024110910186859513,325.14709854125977,2.7949399948120117,298.3952069282532,2.792198657989502,544.91162109375,9248.953125,0.87468671679198,0.9473684210526315,0.9965367965367965,0.9982683982683983,0.9890530925013684,0.9742747673782156
Indian Pines -> Local,SpectralFormer-inspired,0.2,46,0.8774362065501305,0.895117540687161,0.9068388491256005,0.9047665646519372,0.8651798272051436,0.8731033435207664,0.8735316756478587,-0.029937713482017347,73.6098747253418,0.7840852737426758,63.9277503490448,0.7548584938049316,109.8671875,9248.953125,0.8491228070175438,0.8100250626566416,0.9792207792207792,0.9160173160173161,0.8921729611384783,0.8932676518883416
Indian Pines -> Local,ViT,0.2,46,0.8774362065501305,0.2320675105485232,0.3333333333333333,0.12557077625570776,0.8852722523608599,0.8981111783289641,0.8936917526369563,0.6532047418123368,70.14729928970337,2.1012911796569824,200.21544981002808,2.1276724338531494,636.51708984375,9248.953125,0.0,0.8110275689223058,1.0,0.9714285714285714,0.0,0.9118773946360154
Indian Pines -> Local,HybridSN,0.2,47,0.8852722523608599,0.9537874221418525,0.960620813615369,0.9597143889279321,0.969258589511754,0.9732293115233225,0.973035899402916,0.015471167369901506,323.43043208122253,2.774378776550293,299.09799909591675,2.7866897583007812,544.91162109375,9248.953125,0.9087719298245615,0.9453634085213033,0.9982683982683983,0.9956709956709957,0.9748221127531472,0.9786535303776683
Indian Pines -> Local,SpectralFormer-inspired,0.2,47,0.8852722523608599,0.8535262206148282,0.8587389756173786,0.8632609758423312,0.8633715089411292,0.8719543547129754,0.8695298022703678,0.00984528832630105,71.55277037620544,0.7374515533447266,67.54488921165466,0.7427434921264648,109.8671875,9248.953125,0.7879699248120301,0.7904761904761904,0.8796536796536797,0.9151515151515152,0.9085933223864259,0.9102353585112206
Indian Pines -> Local,ViT,0.2,47,0.8852722523608599,0.2320675105485232,0.3333333333333333,0.12557077625570776,0.8917018284106891,0.8977312665152956,0.8974742431902394,0.659634317862166,77.1130485534668,2.088062286376953,199.8185634613037,2.110194444656372,636.51708984375,9248.953125,0.0,0.8511278195488722,1.0,0.9307359307359307,0.0,0.9113300492610837
Indian Pines -> Local,HybridSN,0.2,48,0.8852722523608599,0.9561985131605385,0.9630867485676923,0.961497737917945,0.9586096041792245,0.9648138109118145,0.9638875130337797,0.0024110910186859735,324.66106247901917,2.766378879547119,299.2507812976837,2.7900664806365967,544.91162109375,9248.953125,0.899749373433584,0.9182957393483709,0.9982683982683983,0.9991341991341991,0.9912424740010947,0.9770114942528736
Indian Pines -> Local,SpectralFormer-inspired,0.2,48,0.8852722523608599,0.8698010849909584,0.8857932012196984,0.8808457044466834,0.8710066305003014,0.880352570733696,0.8779109146409837,0.0012055455093429313,65.82476568222046,0.7742249965667725,69.11097526550293,0.7533998489379883,109.8671875,9248.953125,0.7684210526315789,0.8050125313283208,0.9748917748917749,0.9307359307359307,0.9140667761357416,0.9053092501368364
Indian Pines -> Local,ViT,0.2,48,0.8852722523608599,0.36025718304199317,0.44315403625748456,0.31594189138548495,0.8900944343982319,0.9009242018316428,0.8972467198887827,0.5298372513562387,55.83309197425842,2.079706907272339,199.65148758888245,2.102414608001709,636.51708984375,9248.953125,0.0,0.8205513784461153,0.9463203463203463,0.961038961038961,0.3831417624521073,0.9211822660098522
Indian Pines -> Local,HybridSN,0.2,49,0.8744223427767731,0.8599557966646574,0.8786186993083546,0.8769619807219827,0.9698613622664256,0.9739721997435246,0.9737097825155718,0.10990556560176823,269.98118329048157,2.7503445148468018,298.9758565425873,2.7845611572265625,544.91162109375,9248.953125,0.7904761904761904,0.9493734335839599,0.9948051948051948,0.9982683982683983,0.8505747126436781,0.9742747673782156
Indian Pines -> Local,SpectralFormer-inspired,0.2,49,0.8744223427767731,0.8597548724131002,0.8734750495186067,0.8701028762511976,0.882861161342174,0.8892049000941923,0.8896425321236047,0.023106288929073737,71.83372402191162,0.7293715476989746,60.32423186302185,0.7576303482055664,109.8671875,9248.953125,0.7964912280701755,0.8466165413533835,0.9558441558441558,0.9255411255411256,0.8680897646414888,0.8954570333880679
Indian Pines -> Local,ViT,0.2,49,0.8744223427767731,0.37412095639943743,0.4623243933588761,0.32793916711222004,0.8971267832027325,0.902752352843097,0.9041657632247749,0.5230058268032951,91.30245184898376,2.1010494232177734,185.41968512535095,2.1152968406677246,636.51708984375,9248.953125,0.0,0.8791979949874686,1.0,0.9385281385281385,0.38697318007662834,0.8905309250136836
Indian Pines -> Local,HybridSN,0.2,50,0.8772352822985734,0.7942535664054652,0.8258411615943376,0.8155437879867765,0.9726743017882259,0.9765711736673625,0.9757498893935505,0.1784207353827607,320.4333324432373,2.770589828491211,299.23058128356934,2.81070876121521,544.91162109375,9248.953125,0.5659147869674186,0.9513784461152882,0.9948051948051948,0.9991341991341991,0.9168035030103996,0.9792008757525998
Indian Pines -> Local,SpectralFormer-inspired,0.2,50,0.8772352822985734,0.7864175205947358,0.8053128292692721,0.7944579915366567,0.8687964637331725,0.8791208254003172,0.87683587507494,0.08237894313843674,72.48425841331482,0.7600421905517578,68.09319376945496,0.7428429126739502,109.8671875,9248.953125,0.6606516290726817,0.800501253132832,0.9090909090909091,0.935930735930736,0.8461959496442255,0.9009304871373837
Indian Pines -> Local,ViT,0.2,50,0.8772352822985734,0.37371910789632307,0.4619594964422551,0.327507189347278,0.8870805706248744,0.8961217044701618,0.894330037807729,0.5133614627285514,91.44106674194336,2.0915579795837402,199.83975458145142,2.116657018661499,636.51708984375,9248.953125,0.0,0.8671679197994987,1.0,0.9558441558441558,0.38587848932676516,0.8653530377668309
Indian Pines -> Local,HybridSN,0.2,51,0.8878842676311031,0.9696604380148683,0.9734531382444268,0.9734656848738766,0.9708659835242114,0.9746050951132621,0.9742002083244534,0.0012055455093430423,325.5513973236084,2.7950236797332764,299.3340599536896,2.8036797046661377,544.91162109375,9248.953125,0.9568922305764411,0.9654135338345865,0.9974025974025974,1.0,0.9660645867542419,0.9584017515051998
Indian Pines -> Local,SpectralFormer-inspired,0.2,51,0.8878842676311031,0.8854731766124171,0.8967586154519004,0.8968508133740354,0.8722121760096444,0.8807167692830125,0.8803142538246903,-0.013261000602772688,57.70234274864197,0.7532832622528076,68.34071397781372,0.7601747512817383,109.8671875,9248.953125,0.8957393483709273,0.8115288220551379,0.9800865800865801,0.9264069264069265,0.8144499178981938,0.9042145593869731
Indian Pines -> Local,ViT,0.2,51,0.8878842676311031,0.617842073538276,0.650752447122683,0.6108333805927364,0.8929073739200322,0.9016752958676734,0.9009898615130402,0.27506530038175614,213.92621564865112,2.1065094470977783,201.92097330093384,2.1223363876342773,636.51708984375,9248.953125,0.6606516290726817,0.8551378446115289,0.896969696969697,0.9549783549783549,0.3946360153256705,0.8949096880131363
